"Product ID 232323","Product ID 5454556dfdfd 5"," 3434",En
1,1,1,"Faded Short Sleeves T-shirt"
1,1,1,"Faded Short Sleeves T-shirt"
1,1,1,"Faded Short Sleeves T-shirt"
1,1,1,"Faded Short Sleeves T-shirt"
1,1,1,"Faded Short Sleeves T-shirt"
1,1,1,"Faded Short Sleeves T-shirt"
2,2,1,Blouse
2,2,1,Blouse
2,2,1,Blouse
2,2,1,Blouse
2,2,1,Blouse
2,2,1,Blouse
3,3,1,"Printed Dress"
3,3,1,"Printed Dress"
3,3,1,"Printed Dress"
4,4,1,"Printed Dress"
4,4,1,"Printed Dress"
4,4,1,"Printed Dress"
4,4,1,"Printed Dress"
4,4,1,"Printed Dress"
4,4,1,"Printed Dress"
5,5,1,"Printed Summer Dress"
5,5,1,"Printed Summer Dress"
5,5,1,"Printed Summer Dress"
5,5,1,"Printed Summer Dress"
5,5,1,"Printed Summer Dress"
5,5,1,"Printed Summer Dress"
5,5,1,"Printed Summer Dress"
5,5,1,"Printed Summer Dress"
5,5,1,"Printed Summer Dress"
5,5,1,"Printed Summer Dress"
5,5,1,"Printed Summer Dress"
5,5,1,"Printed Summer Dress"
6,6,1,"Printed Summer Dress"
6,6,1,"Printed Summer Dress"
6,6,1,"Printed Summer Dress"
6,6,1,"Printed Summer Dress"
6,6,1,"Printed Summer Dress"
6,6,1,"Printed Summer Dress"
7,7,1,"Printed Chiffon Dress"
7,7,1,"Printed Chiffon Dress"
7,7,1,"Printed Chiffon Dress"
7,7,1,"Printed Chiffon Dress"
7,7,1,"Printed Chiffon Dress"
7,7,1,"Printed Chiffon Dress"
